MSE,MAE,RMSE,AIC
600247339.7370371,19559.569691321765,24499.94570885897,19112.403553325894
