MSE,MAE,RMSE
2773668437.6731896,46048.21796234595,52665.62861746919
