MSE,MAE,RMSE
697936729.1600045,22146.227377187253,26418.492181803347
