MSE,MAE,RMSE,AIC
693405172.0224631,22301.961601360945,26332.58764387699,2189.2459666762834
