MSE,MAE,RMSE
0.057234485683848514,0.11689314740353654,0.23923729994264797
