MSE,MAE,RMSE
0.05723441181853792,0.11688696179518454,0.23923714556593823
